{
    "dishs":[
        {
            "name":"Pad Ki Mao",
            "ingredients":"Shrimps, Glass Noodles, Kemiri Nuts, Shallots, Lemon Grass, Magic Chili Brown Coconut",
            "img":"./Media/restaurants/claro.svg",
            "price":88,
            "ILSIcon":"./Media/icons/ils_icon.svg",
            "icon":"./Media/Icons/spicy_icon.svg"
        },
        {
            "name":"Garbanzo Frito",
            "ingredients":"Polenta fingers, veal cheek, magic chili cured lemon cream, yellow laksa",
            "img":"./Media/restaurants/claro.svg",
            "price":78,
            "ILSIcon":"./Media/icons/ils_icon.svg",
            "icon":"./Media/Icons/spicy_icon.svg"
        },
        {
            "name":"Pad Ki Mao",
            "ingredients":"Shrimps, Glass Noodles, Kemiri Nuts, Shallots, Lemon Grass, Magic Chili Brown Coconut",
            "img":"./Media/restaurants/claro.svg",
            "price":88,
            "ILSIcon":"./Media/icons/ils_icon.svg",
            "icon":"./Media/Icons/spicy_icon.svg"
        }
    ]
}