{
    "restaurant":[
        {
           
            "name":"Claro",
            "chef":"Ran Shmueli",
            "img":"./Media/restaurants/claro.svg"
        },
        {
         
            "name":"Lumia",
            "chef":"Meir Adoni",
            "img":"./Media/restaurants/claro.svg"
        },
        {
         
            "name":"Claro",
            "chef":"Ran Shmueli",
            "img":"./Media/restaurants/claro.svg"
        },
        {
            "name":"Onza",
            "chef":"Yossi Shitrit",
            "img":"./Media/restaurants/claro.svg"
        },
        {
           
            "name":"KitchenMarket",
            "chef":"Yossi Shitrit",
            "img":"./Media/restaurants/claro.svg"
        }
    ]
}